user_name,stim_index,stim_x,stim_y,x_deg,y_deg,stim_ecc_deg,target_quadrant,result
test_subject,1,1280,31,0.0,13.877053333934818,13.877053333934818,,PASS
test_subject,2,2529,31,23.711081173303025,13.877053333934818,27.473404951695315,1.0,PASS
test_subject,3,31,31,-23.711081173303025,13.877053333934818,27.473404951695315,2.0,PASS
test_subject,4,2529,1409,23.711081173303025,-13.877053333934818,27.473404951695315,4.0,PASS
test_subject,5,31,1409,-23.711081173303025,-13.877053333934818,27.473404951695315,3.0,PASS
test_subject,6,2529,720,23.711081173303025,0.0,23.711081173303025,,PASS
test_subject,7,31,720,-23.711081173303025,0.0,23.711081173303025,,PASS
test_subject,8,1280,1409,0.0,-13.877053333934818,13.877053333934818,,PASS
test_subject,9,1280,720,0.0,0.0,0.0,,PASS
